{
    "total_runtime": 202.2203562259674,
    "num_documents": 1,
    "input_load_time": 0,
    "workflows": {
        "create_base_text_units": {
            "overall": 1.732175350189209,
            "0_orderby": 0.0034775733947753906,
            "1_zip": 0.0035877227783203125,
            "2_aggregate_override": 0.0064868927001953125,
            "3_chunk": 1.6424882411956787,
            "4_select": 0.004489898681640625,
            "5_unroll": 0.02942347526550293,
            "6_rename": 0.004687309265136719,
            "7_genid": 0.0071985721588134766,
            "8_unzip": 0.005645275115966797,
            "9_copy": 0.005203962326049805,
            "10_filter": 0.01663374900817871
        },
        "create_base_extracted_entities": {
            "overall": 60.235904932022095,
            "0_entity_extract": 60.19071125984192,
            "1_merge_graphs": 0.0389704704284668
        },
        "create_summarized_entities": {
            "overall": 20.87352442741394,
            "0_summarize_descriptions": 20.86691403388977
        },
        "create_base_entity_graph": {
            "overall": 0.11335945129394531,
            "0_cluster_graph": 0.09766840934753418,
            "1_select": 0.00817418098449707
        },
        "create_final_entities": {
            "overall": 1.6901624202728271,
            "0_unpack_graph": 0.03444099426269531,
            "1_rename": 0.009328365325927734,
            "2_select": 0.009651660919189453,
            "3_dedupe": 0.010071754455566406,
            "4_rename": 0.010128021240234375,
            "5_filter": 0.0247800350189209,
            "6_text_split": 0.013073444366455078,
            "7_drop": 0.011460065841674805,
            "8_merge": 0.04108476638793945,
            "9_text_embed": 1.4774796962738037,
            "10_drop": 0.011895179748535156,
            "11_filter": 0.028375864028930664
        },
        "create_final_nodes": {
            "overall": 0.38236546516418457,
            "0_layout_graph": 0.12729716300964355,
            "1_unpack_graph": 0.04050779342651367,
            "2_unpack_graph": 0.039175987243652344,
            "3_filter": 0.03393244743347168,
            "4_drop": 0.013780593872070312,
            "5_select": 0.015047550201416016,
            "6_rename": 0.01462554931640625,
            "7_convert": 0.04720139503479004,
            "8_join": 0.022319555282592773,
            "9_rename": 0.015836238861083984
        },
        "create_final_communities": {
            "overall": 0.4949185848236084,
            "0_unpack_graph": 0.05285239219665527,
            "1_unpack_graph": 0.04452037811279297,
            "2_aggregate_override": 0.019323348999023438,
            "3_join": 0.02367377281188965,
            "4_join": 0.024073123931884766,
            "5_concat": 0.016945600509643555,
            "6_filter": 0.09220528602600098,
            "7_aggregate_override": 0.023752689361572266,
            "8_join": 0.023479938507080078,
            "9_filter": 0.04734086990356445,
            "10_fill": 0.043349504470825195,
            "11_merge": 0.0284881591796875,
            "12_copy": 0.019751548767089844,
            "13_select": 0.019627094268798828
        },
        "join_text_units_to_entity_ids": {
            "overall": 0.09090423583984375,
            "0_select": 0.020368337631225586,
            "1_unroll": 0.024473190307617188,
            "2_aggregate_override": 0.02623605728149414
        },
        "create_final_relationships": {
            "overall": 0.34171533584594727,
            "0_unpack_graph": 0.04831337928771973,
            "1_filter": 0.05073213577270508,
            "2_rename": 0.02210378646850586,
            "3_filter": 0.05400848388671875,
            "4_drop": 0.022774457931518555,
            "5_compute_edge_combined_degree": 0.02944207191467285,
            "6_convert": 0.0697169303894043,
            "7_convert": 0.023605823516845703
        },
        "join_text_units_to_relationship_ids": {
            "overall": 0.12829923629760742,
            "0_select": 0.024346351623535156,
            "1_unroll": 0.026159048080444336,
            "2_aggregate_override": 0.02883172035217285,
            "3_select": 0.02527642250061035
        },
        "create_final_community_reports": {
            "overall": 111.8806266784668,
            "0_prepare_community_reports_nodes": 0.03148055076599121,
            "1_prepare_community_reports_edges": 0.028849124908447266,
            "2_restore_community_hierarchy": 0.031138181686401367,
            "3_prepare_community_reports": 0.2225179672241211,
            "4_create_community_reports": 111.51341915130615,
            "5_window": 0.028081178665161133
        },
        "create_final_text_units": {
            "overall": 0.2511153221130371,
            "0_select": 0.02804732322692871,
            "1_rename": 0.030803918838500977,
            "2_join": 0.06643557548522949,
            "3_join": 0.03520989418029785,
            "4_aggregate_override": 0.0331728458404541,
            "5_select": 0.030176877975463867
        },
        "create_base_documents": {
            "overall": 0.3219175338745117,
            "0_unroll": 0.03147149085998535,
            "1_select": 0.03023219108581543,
            "2_rename": 0.030223369598388672,
            "3_join": 0.03616189956665039,
            "4_aggregate_override": 0.03255915641784668,
            "5_join": 0.03600716590881348,
            "6_rename": 0.03170347213745117,
            "7_convert": 0.0648643970489502
        },
        "create_final_documents": {
            "overall": 0.09598040580749512,
            "0_rename": 0.06394648551940918
        }
    }
}